<?xml version="1.0" encoding="UTF-8"?>
<project-private xmlns="http://www.netbeans.org/ns/project-private/1">
    <editor-bookmarks xmlns="http://www.netbeans.org/ns/editor-bookmarks/2" lastBookmarkId="0"/>
    <open-files xmlns="http://www.netbeans.org/ns/projectui-open-files/2">
        <group>
            <file>file:/C:/Users/Денис/Desktop/LAST_VERSION_16_08_2018/GAME_13_08_18/FixedCode_30July/src/game/FXMLDocument.fxml</file>
            <file>file:/C:/Users/Денис/Desktop/LAST_VERSION_16_08_2018/GAME_13_08_18/FixedCode_30July/src/game/FXMLDocumentController.java</file>
        </group>
    </open-files>
</project-private>
